timestamp(ms),pitch(¡Æ),roll(¡Æ),yaw(¡Æ),flex1,flex2,flex3,flex4,flex5
timestamp,pitch,roll,yaw,flex1,flex2,flex3,flex4,flex5
23741,-0.06,-0.06,0.00,771,776,772,812,812
23761,-3.36,-1.71,3.72,773,782,770,808,805
23781,-6.35,-3.66,-5.13,767,780,773,807,807
23801,-0.98,2.20,1.77,765,786,771,805,806
23821,0.24,2.56,2.81,770,785,772,804,812
23841,-0.98,2.75,2.62,770,780,765,808,810
23861,-2.93,0.98,1.34,764,779,771,807,812
23881,-5.25,-0.06,-0.79,769,780,769,809,812
23901,-5.74,0.67,-1.71,770,778,766,807,811
23921,-4.58,-0.67,-2.75,767,778,763,805,819
23941,-1.22,-1.71,-3.11,764,780,770,812,808
23961,-1.53,-1.65,-3.48,769,781,770,804,806
23981,-2.20,-2.93,-3.66,770,785,770,811,814
24001,-3.85,-2.01,-3.48,771,777,775,806,813
24021,-4.70,-0.55,-3.54,773,780,768,811,807
24041,-5.13,-1.46,-3.78,770,780,769,810,812
24061,-5.31,-1.71,-4.58,769,773,772,814,816
24081,-7.08,-0.24,-4.52,770,784,766,808,812
24101,-5.49,1.59,-2.32,766,781,762,805,816
24121,-4.94,2.44,-2.38,770,773,770,805,813
24141,-4.88,1.53,-2.01,767,774,765,811,813
24161,-6.65,2.14,-1.28,769,776,771,809,810
24181,-5.86,3.85,-1.89,770,783,770,801,809
24201,-4.52,5.07,-1.28,767,786,772,805,810
24221,-4.46,5.74,-0.85,763,780,768,807,812
24241,-4.64,6.04,-0.06,771,786,767,809,807
24261,-3.48,6.04,0.24,767,778,769,810,807
24281,-3.36,3.78,-1.22,768,785,773,809,805
24301,-3.05,1.46,-2.56,768,779,771,809,817
24321,-3.17,0.06,-1.83,770,785,769,815,806
24341,-5.49,0.12,-1.40,766,778,772,809,813
24361,-5.74,-0.92,-1.71,766,782,767,806,801
24381,-4.21,-0.98,-1.28,762,782,766,811,803
24401,-2.50,-0.85,0.18,769,779,770,806,811
24421,-0.49,0.79,1.65,772,782,771,806,810
24441,0.24,-0.12,1.71,768,790,769,814,814
24461,0.18,-1.65,1.95,765,769,767,807,814
24481,-1.22,-2.99,2.08,771,781,770,802,818
24501,-5.19,-1.83,0.85,772,779,764,813,804
24521,-3.85,0.00,3.23,768,786,775,810,804
24541,0.49,0.24,3.91,766,783,769,806,812
24561,3.05,-0.31,4.27,769,782,773,807,802
24581,-1.59,-1.28,2.62,770,781,769,806,808
24601,-1.71,-1.83,2.99,771,780,769,801,807
24621,-1.71,-2.50,2.62,769,777,774,812,810
24641,-2.87,-2.69,0.18,764,786,767,807,824
24661,-1.10,-3.54,2.08,769,783,769,808,815
24681,1.46,-4.58,2.75,768,776,772,806,809
24701,0.24,-6.84,1.59,766,774,770,804,808
24721,-1.22,-6.96,0.31,763,778,765,802,816
24741,-2.99,-6.96,-0.85,770,780,772,817,812
24761,-7.57,-7.14,-1.65,773,785,770,811,812
24781,-12.45,-5.74,-1.77,769,784,770,810,808
24801,-10.56,-4.15,0.85,765,785,767,807,810
24821,-3.30,-3.85,2.14,767,783,773,810,813
24841,0.43,-3.85,2.38,768,780,774,809,807
24861,2.08,-3.36,3.11,768,781,770,810,810
24881,-1.10,-3.54,0.06,767,782,773,811,804
24901,-1.95,-3.30,-1.95,771,782,767,811,801
24921,-0.18,-1.53,-3.48,769,787,775,807,810
24941,2.01,-1.34,-4.52,770,777,769,804,808
24961,2.14,-2.62,-5.68,769,783,769,808,799
24981,-0.31,-3.23,-5.98,765,784,771,809,809
25001,-3.54,-4.21,-4.58,769,786,773,814,813
25021,-5.25,-5.25,-3.60,771,783,767,811,820
25041,-4.03,-3.72,-2.20,769,783,769,814,803
25061,-4.33,-0.67,0.06,771,782,771,804,813
25081,-3.30,0.73,0.37,769,781,777,801,810
25101,-1.34,1.59,1.59,769,785,769,807,810
25121,-1.59,2.50,2.75,772,780,762,805,818
25141,-3.36,3.05,2.56,769,782,765,812,809
25161,-3.36,3.78,2.01,769,785,771,806,812
25181,-2.20,4.03,1.10,769,786,769,809,808
25201,-1.53,2.56,-0.24,766,781,772,812,807
25221,1.10,2.56,0.06,767,775,770,801,810
25241,-0.98,2.44,0.00,771,782,766,804,811
25261,-1.95,2.62,0.12,767,778,776,813,799
25281,-3.17,1.65,0.12,771,782,767,809,808
25301,-3.72,0.61,-0.79,764,783,764,809,806
25321,-2.20,2.44,-0.31,774,776,772,798,812
25341,-1.65,1.71,-0.73,773,773,770,802,807
25361,-1.95,0.49,-0.98,778,780,768,810,806
25381,-1.65,1.10,-0.31,770,787,774,805,808
25401,0.61,3.78,1.04,774,785,767,804,808
25421,-0.12,3.66,0.61,772,789,766,804,807
25441,-0.85,2.75,0.00,771,781,769,808,814
25461,-1.71,1.40,-0.18,770,781,772,803,810
25481,-1.46,2.20,-0.12,773,775,764,810,813
25501,-1.40,2.26,-0.12,770,790,772,810,807
25521,-1.46,1.89,-0.55,770,776,773,802,813
25541,-1.10,2.20,-0.49,773,778,767,809,809
25561,-1.77,1.28,0.24,769,774,766,811,806
25581,-0.31,1.83,0.55,773,779,771,808,808
25601,-0.06,2.56,1.04,770,780,771,805,808
25621,-0.85,1.40,0.49,772,784,773,807,813
25641,-1.34,-0.61,-0.43,769,778,771,810,807
25661,-1.46,-1.10,-0.55,771,777,765,812,810
25681,-1.53,-0.37,-0.24,769,781,770,798,811
25701,-1.28,0.43,-0.06,770,799,771,808,804
25721,-1.16,0.18,-0.37,767,778,769,804,804
25741,-1.10,-0.18,-0.49,767,784,773,812,809
25761,-0.55,0.43,-0.31,769,786,773,808,816
25781,-0.61,0.98,0.61,768,782,769,806,813
25801,-0.37,1.53,0.37,767,785,770,809,803
25821,-1.10,1.16,0.37,773,785,770,811,804
25841,-0.79,0.43,-0.18,772,786,772,806,816
25861,-0.79,0.49,-0.06,769,779,767,811,802
25881,-1.71,0.43,0.18,770,789,768,805,814
25901,-2.01,0.67,0.43,773,772,769,809,806
25921,-1.46,1.40,1.22,765,783,770,803,803
25941,-1.10,0.92,1.65,769,777,769,810,808
25961,0.06,0.67,1.10,772,782,769,812,813
25981,-0.06,1.28,0.61,764,775,776,805,810
26001,-0.24,0.55,0.06,772,780,770,805,803
26021,-0.31,-0.37,0.24,771,782,771,807,816
26041,0.00,-1.77,0.49,764,785,765,805,806
26061,0.06,-1.28,0.49,776,785,771,804,810
26081,-0.67,-0.18,0.00,772,783,770,804,812
26101,-1.22,-0.18,-1.04,769,781,773,814,809
26121,-1.28,-0.55,-1.34,770,777,778,809,803
26141,-1.28,-1.77,-0.73,767,786,774,816,805
26161,-0.55,-0.73,-0.37,774,778,768,814,808
26181,-0.61,-0.31,0.24,771,773,774,825,803
26201,-0.79,-1.28,-0.06,772,780,769,812,811
26221,-0.67,-0.79,-0.24,773,773,775,809,812
26241,0.00,-2.01,-0.37,770,778,773,808,802
26261,-0.06,-3.85,-0.85,771,782,767,811,810
26281,0.37,-5.25,-1.89,764,777,771,812,807
26301,1.28,-6.47,-2.93,771,780,765,809,811
26321,0.43,-2.20,-0.73,768,793,771,809,812
26341,-0.79,0.49,0.37,763,782,766,806,818
26361,-0.43,-0.85,0.31,766,780,763,810,812
26381,1.71,-0.67,-0.55,774,780,770,815,806
26401,-0.67,-0.92,-1.16,771,771,769,810,806
26421,-1.77,1.40,-0.37,769,790,770,811,814
26441,-0.37,4.09,0.92,766,787,772,810,810
26461,1.10,4.46,0.79,770,783,781,816,810
26481,1.77,-2.87,-0.18,771,784,773,814,814
26501,1.46,-8.12,-2.56,768,777,766,814,809
26521,-0.24,-7.51,-2.38,770,785,774,810,820
26541,-1.04,1.53,0.43,772,794,778,809,808
26561,-0.92,5.49,2.56,770,780,778,828,812
26581,-0.43,-0.24,1.04,773,788,780,808,807
26601,-0.49,-7.69,-1.28,772,780,769,813,813
26621,0.12,-10.13,-1.89,769,787,775,810,806
26641,0.61,-2.26,-0.92,774,787,781,816,812
26661,-0.67,11.11,6.16,763,789,780,813,819
26681,1.28,9.28,4.52,771,790,775,815,811
26701,1.59,-6.71,-0.98,771,793,775,813,812
26721,0.73,-13.31,-3.11,768,785,777,816,817
26741,-2.26,-1.10,0.00,771,800,785,814,816
26761,-4.39,10.86,5.31,776,795,773,817,816
26781,-2.38,8.30,4.27,770,797,779,813,816
26801,-1.40,-4.58,0.37,773,800,781,814,821
26821,-1.89,-8.24,-1.28,772,800,779,830,853
26841,-3.78,-3.72,0.79,765,813,781,815,818
26861,-2.14,7.26,3.42,771,806,784,818,815
26881,0.00,5.49,3.66,767,809,783,815,818
26901,0.49,-5.37,0.73,774,808,780,817,823
26921,-0.49,-4.88,0.24,777,818,793,817,819
26941,-2.08,9.22,3.17,773,822,790,823,819
26961,-2.56,10.74,5.92,768,831,789,820,821
26981,-0.61,6.10,3.60,784,836,793,823,829
27001,2.14,-4.27,1.10,776,841,796,820,826
27021,0.79,-1.77,1.34,774,835,791,828,819
27041,0.18,6.23,2.69,779,848,797,826,830
27061,-0.43,6.96,4.39,781,856,803,822,832
27081,1.22,0.73,3.05,778,848,804,836,829
27101,2.32,-4.39,0.79,779,861,805,832,837
27121,-0.06,-4.15,0.98,782,867,806,841,834
27141,-0.98,-2.32,1.40,785,860,806,834,829
27161,-1.16,-1.16,1.34,782,863,813,836,833
27181,0.37,0.31,1.34,787,864,814,846,834
27201,2.69,-4.52,-0.12,790,875,820,848,834
27221,2.08,2.14,1.89,788,871,817,843,839
27241,2.20,2.44,4.27,795,883,815,848,841
27261,3.23,5.00,3.54,792,880,823,856,837
27281,2.32,1.77,6.47,797,881,823,852,839
27301,2.62,1.65,8.54,800,889,827,860,841
27321,4.21,5.43,6.96,806,903,832,850,842
27341,4.76,3.78,5.80,802,887,827,861,845
27361,0.18,3.05,3.42,806,889,834,864,843
27381,-3.30,2.38,2.38,822,893,830,869,851
27401,0.67,-1.53,3.42,810,895,837,867,844
27421,0.18,6.47,7.26,810,887,840,868,846
27441,-2.08,8.73,8.54,810,895,838,869,852
27461,-2.81,10.62,6.96,817,896,835,872,850
27481,-5.43,3.30,1.59,812,892,838,877,848
27501,-3.72,6.90,1.16,808,900,845,883,871
27521,-5.00,4.94,1.77,819,898,849,884,857
27541,-9.70,5.25,4.03,817,900,855,889,858
27561,-9.03,1.77,2.32,821,895,850,892,864
27581,-5.37,4.70,1.04,814,902,845,893,866
27601,-7.57,0.31,1.10,820,906,854,897,858
27621,-9.03,-4.09,0.43,823,900,852,893,865
27641,-1.16,-3.85,-0.24,822,906,851,896,866
27661,-4.58,0.98,0.49,822,909,859,900,868
27681,-5.13,-1.34,0.43,824,905,859,900,870
27701,-6.77,-5.00,1.28,826,913,857,896,867
27721,-5.19,-6.29,0.31,825,913,856,906,884
27741,-2.99,6.71,4.46,822,911,860,899,888
27761,-2.99,5.68,5.07,831,914,862,906,877
27781,-5.31,3.48,5.31,826,916,859,907,889
27801,-1.95,-0.85,2.56,831,924,865,910,881
27821,-4.82,3.85,0.98,833,923,867,922,889
27841,-4.46,4.58,0.12,835,913,867,913,889
27861,-8.91,3.48,1.95,831,918,872,917,889
27881,-7.20,6.29,5.80,831,917,873,916,883
27901,-0.92,15.69,12.88,835,922,867,916,896
27921,-1.65,11.35,13.61,830,921,870,916,896
27941,-3.05,13.67,10.93,838,922,868,921,898
27961,-6.23,26.86,12.02,833,924,864,913,887
27981,-9.03,29.54,13.98,831,924,872,916,900
28001,-6.29,21.36,12.15,833,924,875,908,895
28021,-11.11,21.30,7.45,836,925,867,916,890
28041,-8.61,13.37,4.09,841,922,877,913,894
28061,-10.13,20.75,6.23,833,926,878,915,895
28081,-8.73,20.81,4.82,843,921,876,919,900
28101,-11.05,11.29,1.46,841,924,877,917,899
28121,-8.24,13.43,-0.61,844,939,873,916,901
28141,-5.13,12.51,0.37,844,926,877,917,900
28161,-8.79,18.19,2.44,842,920,876,922,902
28181,-4.52,19.65,6.77,838,918,867,917,900
28201,3.60,18.74,5.31,843,944,877,916,899
28221,10.19,4.58,-2.62,847,924,869,918,905
28241,6.29,7.02,-4.27,838,924,875,927,900
28261,10.80,10.13,-3.05,845,925,881,928,903
28281,-6.77,10.99,1.28,849,926,886,928,911
28301,-4.64,11.96,2.26,845,924,880,921,915
28321,5.62,10.19,1.59,843,929,879,919,900
28341,4.58,3.66,1.40,839,918,875,930,920
28361,3.66,3.78,-0.24,840,932,877,926,915
28381,-2.81,-2.75,-1.59,845,925,876,916,915
28401,-7.69,-5.00,-1.65,839,925,877,922,914
28421,-4.09,1.28,-0.55,841,925,875,933,920
28441,1.71,2.75,1.04,852,926,878,918,936
28461,1.65,0.85,0.73,836,924,878,921,917
28481,-1.83,-2.56,0.67,843,934,888,929,910
28501,-0.43,-3.60,-1.89,841,924,873,924,913
28521,2.32,6.47,2.93,839,921,877,939,915
28541,5.62,3.11,1.10,841,932,878,922,919
28561,4.15,-6.16,-3.42,842,923,883,928,912
28581,3.97,-3.72,-1.10,843,929,885,929,907
28601,3.05,-1.59,0.67,840,934,881,919,917
28621,2.38,1.28,-0.49,841,931,884,928,922
28641,2.20,-2.75,-4.39,842,920,882,928,908
28661,5.80,-7.26,-6.71,837,935,885,928,915
28681,4.09,-8.24,-3.66,836,930,901,928,909
28701,0.43,-2.87,-2.01,839,925,884,930,920
28721,1.10,13.55,2.81,839,923,880,920,919
28741,6.10,10.44,1.53,836,933,877,934,910
28761,4.33,-4.64,-3.17,838,932,883,929,909
28781,-1.83,-9.89,-4.33,838,927,880,932,912
28801,-1.46,1.28,2.75,843,930,889,926,914
28821,2.62,9.28,5.86,840,933,886,930,906
28841,7.63,-2.26,0.06,837,926,877,924,919
28861,2.75,-11.17,-0.67,841,938,888,932,913
28881,-1.53,5.43,3.23,840,931,886,939,920
28901,2.93,6.96,6.77,841,936,881,925,917
28921,5.80,0.67,2.26,843,929,881,926,912
28941,4.70,-6.71,-2.08,835,936,878,929,921
28961,-1.77,-2.93,1.22,838,938,879,927,916
28981,-5.49,0.06,2.81,838,922,884,931,917
29001,-2.87,2.44,1.34,841,935,883,925,921
29021,5.07,2.62,0.85,843,935,874,933,921
29041,7.51,-0.43,-0.98,846,940,890,931,914
29061,2.93,-0.24,-0.98,841,935,877,932,913
29081,0.43,6.90,0.79,841,939,885,929,918
29101,4.88,2.08,-0.61,845,931,888,932,918
29121,7.32,-7.26,-4.46,841,926,889,920,919
29141,3.85,-7.20,-2.62,834,919,878,932,908
29161,1.65,4.88,1.59,840,933,881,931,927
29181,3.17,5.49,-0.98,839,927,879,920,922
29201,3.85,-1.22,-5.98,835,931,877,911,918
29221,0.98,-14.59,-11.05,837,927,877,918,919
29241,-6.23,-20.69,-9.40,830,921,871,919,920
29261,-5.37,-0.55,-4.94,830,929,881,917,915
29281,0.18,-9.16,-3.54,831,923,877,919,906
29301,5.55,-12.21,-10.99,829,919,871,919,905
29321,14.83,-13.85,-11.90,826,914,870,919,899
29341,11.05,11.47,-11.78,819,909,870,911,906
29361,-5.92,-18.98,-9.40,827,914,872,913,908
29381,-1.65,-0.61,-12.63,824,921,869,914,898
29401,-2.08,-0.37,-7.69,821,914,860,907,895
29421,1.89,5.74,-4.82,816,900,855,909,889
29441,-1.65,-6.96,-5.49,818,905,852,898,896
29461,3.78,-8.73,-6.59,815,896,851,899,891
29481,11.35,-3.11,-4.70,815,902,851,898,890
29501,6.41,-0.12,-1.22,814,899,845,897,883
29521,2.56,9.46,0.24,812,892,843,888,881
29541,-0.18,-8.79,1.22,812,893,841,898,881
29561,2.14,-4.21,-2.99,811,885,836,890,871
29581,2.14,-2.56,-1.53,805,884,837,882,879
29601,0.06,4.09,4.82,805,880,827,877,866
29621,-3.66,0.06,3.42,803,875,822,874,866
29641,-2.75,-7.08,-3.11,804,867,814,870,872
29661,-1.16,-10.62,-7.20,805,860,811,872,861
29681,-1.40,-11.47,-4.33,801,857,807,865,855
29701,-0.49,-6.71,-1.95,805,855,812,871,859
29721,-3.42,-6.53,0.18,799,847,809,858,846
29741,-3.36,-3.36,-1.22,792,840,802,858,843
29761,-1.53,-3.85,-3.72,798,850,800,850,843
29781,0.18,-8.36,-6.16,802,839,794,848,840
29801,-1.04,-13.18,-5.55,801,837,802,842,849
29821,-2.81,-8.30,-3.48,798,824,796,830,841
29841,-2.50,-3.36,-1.77,806,817,787,826,842
29861,-1.16,-4.76,-1.16,799,825,783,831,837
29881,-0.24,-9.16,-2.99,794,812,790,832,842
29901,-5.62,-7.51,-0.79,788,834,789,825,845
29921,-4.46,-1.40,-0.55,790,807,781,825,840
29941,-3.85,3.91,1.95,796,810,779,817,836
29961,-2.56,6.59,2.50,793,817,778,819,834
29981,-1.34,4.46,1.40,798,811,779,819,831
30001,-0.24,-0.67,-1.46,794,805,783,820,830
30021,-1.28,2.08,-0.31,791,804,784,818,830
30041,-1.83,8.67,1.83,786,807,783,821,840
30061,-1.16,10.80,3.42,789,805,778,817,834
30081,-0.61,10.74,3.30,789,801,780,822,831
30101,-0.18,9.58,2.26,789,799,782,822,827
30121,0.43,8.91,1.95,786,800,774,815,824
30141,-15.56,3.42,0.31,787,794,782,816,823
30161,-0.18,-3.48,-1.04,787,791,774,821,831
30181,-1.34,-0.98,-0.85,789,797,771,817,835
30201,-1.34,3.54,-0.67,788,794,773,820,825
30221,-2.50,0.43,-2.75,787,788,788,818,826
30241,-3.11,-4.64,-3.91,788,792,772,816,831
30261,-2.08,-8.24,-3.05,788,786,778,818,825
30281,-0.67,-3.36,-1.46,781,797,772,820,831
30301,1.46,-2.69,-1.16,784,799,777,814,822
30321,-0.49,-6.53,-3.42,785,796,769,833,830
30341,1.59,-6.96,-7.87,787,795,773,834,822
30361,-0.73,-13.79,-6.47,784,795,774,823,826
30381,1.77,-7.08,-6.96,777,800,773,821,824
30401,-3.36,-2.69,-6.71,782,793,776,817,823
30421,-6.23,-10.38,-9.40,787,793,768,811,818
30441,-5.19,-10.74,-12.08,787,794,768,826,824
30461,-3.91,-16.85,-16.36,783,797,770,819,825
30481,-1.95,-11.47,-17.33,784,789,769,819,827
30501,0.73,-5.25,-17.40,782,785,765,814,824
30521,-1.71,-5.13,-15.69,777,791,773,818,820
30541,-3.11,-7.45,-16.85,780,784,783,828,821
30561,-4.64,-9.58,-16.30,778,794,771,819,816
30581,-3.97,-4.52,-15.01,777,793,770,811,825
30601,-4.70,2.32,-13.79,772,787,770,816,823
30621,-6.23,3.54,-11.29,779,786,770,819,816
30641,-4.82,0.73,-9.70,771,789,772,818,820
30661,-5.00,-12.15,-15.93,778,792,768,820,822
30681,-15.50,-11.90,-13.37,779,795,769,817,820
30701,-1.89,7.39,-4.46,771,790,771,818,824
30721,-1.53,8.18,-3.36,773,788,767,821,820
30741,-5.74,3.91,-5.19,773,785,768,815,819
30761,-8.06,0.79,-5.74,778,785,767,815,821
30781,-12.33,0.79,-3.66,772,793,773,817,815
30801,-9.64,7.93,-0.24,773,786,773,816,823
30821,-9.46,12.21,1.83,773,795,774,813,826
30841,-8.61,8.48,0.61,775,786,771,825,821
30861,-7.32,5.62,-2.50,772,794,773,822,819
30881,-10.07,-1.77,-4.27,777,792,773,819,820
30901,-8.12,-2.44,-0.92,776,787,765,819,818
30921,-4.88,4.09,2.01,779,787,767,819,823
30941,-3.48,5.74,0.92,774,791,771,818,820
30961,-4.64,-1.16,-1.22,782,786,771,819,821
30981,-6.71,-3.91,-1.04,783,788,768,825,851
31001,-6.29,-1.59,0.55,796,791,768,820,826
31021,-4.27,6.77,2.14,807,786,763,815,820
31041,2.62,5.80,-0.37,813,785,771,810,814
31061,1.46,-1.65,-2.20,818,785,768,818,813
31081,3.54,-3.05,-3.17,817,789,770,821,822
31101,3.78,-1.04,-0.85,818,798,767,822,822
31121,7.93,7.02,2.93,824,787,771,828,816
31141,8.48,9.40,5.43,825,789,769,816,821
31161,5.19,6.41,5.98,828,790,765,815,823
31181,1.22,0.55,5.13,834,786,765,818,818
31201,0.37,-5.07,2.69,834,783,771,818,819
31221,0.98,-1.89,2.69,837,790,770,817,821
31241,2.38,-0.06,3.91,838,786,765,813,825
31261,4.21,-0.31,7.45,840,787,784,819,822
31281,5.19,-1.83,4.46,840,791,764,815,816
31301,-0.06,-2.81,3.30,843,790,768,816,817
31321,-5.55,-3.66,1.89,844,790,768,822,823
31341,-2.50,-6.47,-3.36,844,790,771,823,818
31361,2.38,-5.37,1.28,846,786,771,816,825
31381,2.87,-1.46,4.03,844,788,768,814,823
31401,-1.71,2.01,3.48,847,790,772,825,821
31421,-4.09,1.34,3.11,852,782,774,816,818
31441,-4.76,-5.68,-0.85,852,784,770,820,824
31461,0.73,-9.16,-2.99,850,784,769,813,814
31481,3.85,-3.97,-0.12,844,784,768,816,814
31501,2.50,8.67,8.24,852,784,767,820,817
31521,7.26,3.17,9.22,850,787,765,816,823
31541,6.41,-8.30,4.33,850,785,763,825,822
31561,-0.73,-8.42,-2.20,847,785,771,813,808
31581,-8.91,-7.87,-4.21,850,786,775,812,816
31601,-6.41,1.89,1.59,849,785,767,817,818
31621,0.61,3.23,7.26,846,786,767,819,826
31641,4.46,-2.38,4.27,858,790,772,819,813
31661,6.53,-6.16,-2.38,851,794,770,832,813
31681,-0.85,-3.66,-2.14,849,782,774,815,818
31701,-6.16,2.44,-0.06,854,793,772,820,814
31721,-3.72,4.15,3.05,847,792,764,815,817
31741,5.74,7.81,5.68,847,791,771,818,820
31761,2.50,0.98,-1.22,850,787,772,826,825
31781,-7.14,-6.23,-4.58,852,790,767,816,817
31801,-6.65,-9.22,-5.37,849,784,765,815,825
31821,0.24,-2.14,0.61,848,791,768,813,806
31841,3.97,4.09,6.90,848,789,767,813,812
31861,3.60,-2.14,5.31,847,790,771,812,815
31881,2.08,-5.98,0.00,851,784,760,810,822
31901,-2.26,-4.52,-0.85,852,790,771,821,817
31921,-3.48,1.71,0.31,846,784,771,815,814
31941,-4.88,0.98,0.18,845,795,769,816,817
31961,-1.22,0.61,0.06,853,790,771,817,816
31981,2.87,4.21,2.44,843,778,768,813,822
32001,-0.18,1.46,2.75,850,787,768,815,817
32021,4.15,8.30,5.98,847,781,764,815,822
32041,-0.73,2.81,2.01,842,781,766,804,816
32061,1.10,4.70,1.34,847,789,765,822,808
32081,4.03,4.94,3.66,834,786,765,818,819
32101,1.10,3.05,3.78,840,788,770,816,822
32121,0.55,4.09,2.62,836,792,772,815,820
32141,3.54,5.49,0.98,843,779,769,812,819
32161,4.46,10.13,0.43,840,784,771,816,821
32181,-3.17,-15.69,-2.20,837,778,769,814,814
32201,2.81,-9.64,-2.08,837,788,774,813,825
32221,0.12,-6.59,-0.55,834,784,774,813,819
32241,-0.31,5.19,1.46,835,791,767,818,821
32261,-3.23,2.75,1.95,830,784,766,813,839
32281,-3.23,-7.08,-2.14,828,779,768,817,815
32301,-1.28,-14.22,-3.23,825,784,772,820,821
32321,-2.87,-5.37,-2.14,820,784,767,810,818
32341,-3.54,2.44,-0.49,816,785,768,818,812
32361,-3.85,-2.50,1.16,811,778,764,818,816
32381,-1.16,-6.90,0.73,817,781,776,818,823
32401,-2.44,-9.52,-1.22,813,778,773,816,817
32421,-1.71,-8.73,-3.05,816,786,765,812,830
32441,0.18,-1.22,-0.98,805,787,763,810,827
32461,-2.20,-1.65,1.53,802,778,766,823,814
32481,0.61,-6.90,-0.61,801,779,773,814,818
32501,1.16,-11.41,-3.11,802,789,769,817,812
32521,1.40,-10.19,-4.27,802,780,765,815,817
32541,-0.37,-2.26,-1.83,798,785,770,811,814
32561,-2.75,-3.36,1.16,801,786,765,811,816
32581,-0.37,-4.76,-0.24,798,782,769,813,818
32601,-2.38,-3.30,-2.69,801,783,787,816,819
32621,-3.72,-3.91,-4.52,799,786,768,816,818
32641,-3.54,-3.97,-2.99,792,779,774,814,818
32661,-1.53,-6.59,-3.17,797,786,774,813,821
32681,-0.79,-7.32,-2.99,797,776,769,816,826
32701,-3.54,-5.31,-3.23,789,785,771,816,819
32721,-3.42,-6.84,-3.48,786,788,770,815,819
32741,-0.24,-7.20,-2.50,788,785,769,818,817
32761,2.14,-4.09,-1.65,782,776,765,818,815
32781,-2.81,-4.82,-1.10,783,785,773,813,821
32801,-6.96,-2.81,-1.65,780,783,774,817,819
32821,-6.16,-2.50,-1.83,784,783,770,814,815
32841,-0.31,-2.93,-3.05,776,781,774,817,813
32861,1.10,-4.52,-2.62,779,787,769,812,809
32881,0.73,-0.98,-2.32,777,785,766,817,819
32901,-2.32,0.06,-1.53,780,788,769,809,819
32921,0.79,0.24,0.00,776,781,769,820,814
32941,5.49,0.85,-1.10,773,785,771,812,816
32961,2.81,-5.07,-2.01,779,788,771,816,821
32981,-6.16,-6.29,-1.83,780,779,770,813,841
33001,-5.00,-1.40,0.85,771,781,763,818,819
33021,-1.71,-1.46,0.43,772,787,768,813,836
33041,0.31,-3.23,-0.31,767,782,769,811,822
33061,-10.13,-6.84,-3.48,775,785,771,814,817
33081,-5.49,-4.94,-3.60,773,785,769,813,818
33101,-1.16,3.23,1.46,773,783,768,812,815
33121,0.18,1.65,1.71,770,788,767,818,816
33141,-1.46,-2.93,-1.28,769,785,773,815,818
33161,-3.66,-3.78,-2.81,773,782,766,819,816
33181,-4.94,0.37,-0.79,772,780,775,815,843
33201,-4.03,3.17,0.00,769,787,773,821,821
33221,-0.79,1.22,1.71,771,789,772,815,817
33241,1.40,-0.73,0.98,771,784,770,817,822
33261,3.42,0.18,0.67,771,793,769,812,819
33281,-0.18,2.26,1.89,771,776,770,816,817
33301,-2.62,3.60,1.59,775,785,775,815,820
33321,-2.44,3.91,3.05,767,777,763,808,811
33341,1.28,8.36,3.11,773,782,778,814,819
33361,5.98,5.74,2.32,774,789,772,818,818
33381,4.21,8.30,2.69,770,790,771,809,817
33401,0.98,7.75,1.59,776,792,774,818,816
33421,0.61,7.39,0.43,768,792,758,816,814
33441,0.12,2.01,0.00,786,807,772,813,812
33461,-0.24,-0.92,-0.06,772,817,771,815,820
33481,-1.10,-1.71,-0.06,771,827,770,817,820
33501,0.18,2.81,1.77,777,828,767,811,820
33521,2.50,8.79,5.68,769,843,770,810,814
33541,5.13,12.21,6.53,771,861,765,820,812
33561,4.88,2.62,0.79,772,868,771,822,817
33581,2.62,-2.69,-0.79,768,876,770,818,813
33601,2.56,4.46,0.18,770,880,766,821,817
33621,3.05,7.02,2.69,765,895,772,810,818
33641,8.24,3.60,0.61,773,906,772,817,820
33661,3.42,-4.70,-0.92,771,897,768,814,817
33681,-0.24,-3.48,0.61,782,900,771,814,818
33701,1.65,8.61,5.07,775,903,769,814,825
33721,6.10,13.12,7.57,769,916,770,817,818
33741,10.99,6.84,5.92,774,922,769,816,813
33761,7.45,-6.10,-0.73,767,919,770,811,821
33781,-0.24,-7.51,0.49,773,934,771,818,816
33801,1.71,6.96,7.26,773,935,764,816,818
33821,5.55,9.58,9.95,767,943,774,811,819
33841,5.25,7.45,8.36,770,939,768,820,822
33861,5.68,-1.77,4.58,775,939,763,818,810
33881,4.46,2.62,6.47,772,932,768,815,820
33901,7.87,10.13,11.60,774,926,772,816,812
33921,6.41,1.59,7.93,770,935,768,813,822
33941,1.53,-6.16,5.68,775,942,770,811,814
33961,0.06,-7.63,2.44,780,941,776,808,814
33981,0.67,-1.34,4.64,773,939,775,818,820
34001,2.62,3.60,7.69,771,946,772,814,815
34021,3.17,-0.31,7.02,773,953,770,817,817
34041,4.21,-1.71,5.49,773,947,769,810,813
34061,1.28,-12.02,0.12,779,947,768,814,816
34081,-5.31,-14.10,-0.73,771,948,770,814,819
34101,-2.14,-2.87,2.32,775,954,767,813,819
34121,-0.12,-1.10,3.23,772,939,772,814,816
34141,-1.46,-8.97,-0.55,774,948,781,816,814
34161,-1.22,-13.18,-0.18,769,944,774,813,810
34181,-0.85,-1.10,2.56,771,950,774,812,833
34201,-2.32,-0.73,2.26,771,945,771,812,819
34221,0.79,-2.93,0.18,775,944,769,814,817
34241,2.56,-7.45,0.73,777,947,773,816,816
34261,-1.71,-5.49,2.08,770,941,777,809,818
34281,-0.18,3.23,3.11,772,947,770,818,815
34301,0.98,-0.55,-0.24,769,944,774,815,817
34321,-4.64,-13.06,-4.94,770,958,771,816,818
34341,-1.71,-7.32,1.34,778,946,765,817,815
34361,7.08,8.73,8.00,771,949,769,819,814
34381,3.91,10.56,4.76,777,939,776,814,820
34401,-0.12,1.59,-2.14,771,950,769,818,818
34421,0.67,-4.27,-5.62,771,933,768,819,814
34441,0.43,7.81,3.60,771,945,774,816,812
34461,7.69,27.83,15.81,772,934,771,814,815
34481,16.72,31.01,11.23,770,930,772,818,818
34501,10.99,7.39,-1.77,767,928,772,815,814
34521,0.18,-17.52,-13.55,768,913,772,816,818
34541,-3.17,-19.96,-9.89,775,919,776,813,817
34561,2.14,-1.28,6.71,773,911,772,818,817
34581,4.76,13.92,14.10,776,912,773,817,819
34601,4.27,7.63,7.02,775,910,764,812,821
34621,2.75,-8.30,-2.93,776,893,773,812,813
34641,-2.62,-11.41,-6.16,778,860,775,818,810
34661,-10.19,-13.49,-6.04,778,863,767,816,816
34681,-9.34,7.20,10.93,774,849,775,817,806
34701,-1.16,6.53,5.55,775,836,771,818,815
34721,-3.85,-12.51,-6.77,777,825,777,809,822
34741,-6.71,-12.57,-5.25,777,820,770,815,818
34761,-9.46,-2.20,-1.71,772,811,772,819,811
34781,-13.37,-7.45,-3.85,774,816,773,812,815
34801,-10.93,-17.64,-7.87,774,810,772,809,825
34821,-9.03,-24.48,-9.77,779,804,770,811,818
34841,-5.19,-20.20,-7.57,775,805,778,817,812
34861,-1.65,-4.82,0.92,775,804,773,816,821
34881,-1.77,-1.83,-2.50,776,803,768,820,811
34901,-2.38,-8.48,-7.87,779,800,772,816,817
34921,-1.71,-16.17,-9.28,776,799,785,818,815
34941,-4.39,-12.21,-2.50,772,796,769,820,822
34961,0.24,-1.16,0.12,776,801,769,815,817
34981,-1.34,-0.61,-4.21,768,799,768,819,812
35001,-5.62,-11.90,-9.16,775,789,779,817,809
35021,-2.99,-9.28,-1.83,775,799,768,816,821
35041,2.32,-1.16,0.61,777,792,765,818,820
35061,-2.81,2.75,-2.99,778,798,768,820,814
35081,-6.47,-0.61,-6.84,770,788,767,816,813
35101,-6.47,-6.35,-6.16,776,797,768,807,816
35121,0.43,-1.59,-0.24,773,795,772,816,818
35141,-1.71,0.06,1.65,770,789,770,819,817
35161,0.18,4.09,0.79,775,797,773,814,813
35181,-1.65,-0.79,-2.50,774,792,768,823,812
35201,-5.13,-5.49,-2.20,775,798,761,816,819
35221,-1.53,3.66,5.25,778,796,767,817,816
35241,0.67,16.60,7.69,772,792,775,824,809
35261,4.58,1.95,-1.59,774,795,768,809,811
35281,4.82,-6.35,-3.48,774,793,782,811,814
35301,1.34,1.04,-0.67,773,791,767,818,822
35321,-4.39,7.57,2.69,778,792,768,817,822
35341,0.43,9.64,3.11,772,788,771,814,819
35361,1.10,-4.94,-4.09,776,787,769,812,816
35381,0.92,-11.17,-5.00,776,805,780,814,818
35401,1.10,-1.16,-0.06,775,790,785,816,813
35421,0.12,8.24,4.27,777,799,784,820,812
35441,-0.85,9.83,6.10,775,793,793,818,823
35461,-2.01,-5.92,-0.92,771,789,797,815,820
35481,2.08,-7.02,-1.65,777,786,799,813,814
35501,-1.04,4.03,1.04,777,786,817,817,824
35521,-7.69,8.42,0.67,776,795,825,818,818
35541,-3.97,-0.61,-0.49,776,794,843,827,814
35561,2.69,-8.18,-2.56,776,793,848,817,817
35581,7.14,-2.87,-1.53,776,790,843,822,819
35601,0.55,2.44,0.43,776,796,852,829,819
35621,-5.43,3.72,1.71,778,788,852,820,822
35641,0.49,3.42,4.46,777,791,857,822,813
35661,7.51,-11.54,1.34,776,785,852,829,808
35681,5.07,5.55,3.72,772,785,857,825,818
35701,6.04,16.17,2.93,778,789,868,833,822
35721,2.99,10.07,2.08,775,786,864,831,814
35741,10.38,-4.70,-1.34,772,799,863,837,817
35761,19.35,-14.10,3.66,777,797,867,834,821
35781,10.86,12.39,10.13,769,786,862,841,816
35801,-2.56,17.70,5.92,774,794,857,832,826
35821,-5.07,-2.38,-3.66,772,793,851,836,809
35841,0.79,-23.38,-7.26,774,786,859,839,813
35861,7.93,-1.46,0.73,775,789,854,833,816
35881,5.25,11.35,8.67,771,787,858,828,817
35901,-1.46,16.78,8.36,776,787,845,834,812
35921,0.00,2.26,0.98,772,783,858,832,815
35941,3.17,-10.07,-2.14,781,794,847,834,812
35961,-0.73,-8.91,-1.04,770,792,851,841,822
35981,-6.71,8.12,6.29,774,786,847,831,825
36001,-7.57,25.76,14.65,768,792,846,832,820
36021,3.48,7.57,2.01,773,788,848,838,815
36041,1.89,-1.77,-4.58,770,791,853,834,814
36061,-3.78,-0.24,-4.88,776,784,847,826,812
36081,-15.99,6.53,2.08,774,783,850,834,805
36101,-9.52,-5.62,0.98,771,790,849,839,812
36121,5.62,-15.44,-0.37,772,789,845,835,814
36141,7.87,-0.79,0.49,774,789,847,840,843
36161,6.23,-13.43,-4.15,772,788,851,837,814
36181,-3.60,-4.21,-1.95,769,786,856,837,814
36201,-3.42,-12.33,-1.16,773,790,850,835,815
36221,2.50,-8.97,1.46,773,783,847,838,808
36241,7.20,-9.09,2.26,772,793,848,836,817
36261,1.22,5.86,-0.18,770,805,843,832,811
36281,-5.19,-2.26,-4.82,771,784,844,833,813
36301,-0.98,-21.85,-7.39,772,789,848,826,808
36321,-2.32,4.46,5.31,775,788,844,834,811
36341,-0.12,21.73,10.80,768,791,843,830,816
36361,-3.05,-10.99,-3.48,770,794,839,834,816
36381,3.30,-29.91,-12.33,776,783,844,834,812
36401,-1.10,-3.91,-6.47,778,790,845,839,821
36421,-4.76,21.36,6.41,767,782,846,827,810
36441,0.67,23.44,7.87,771,787,840,836,811
36461,1.71,-5.55,-1.28,774,781,834,822,814
36481,3.05,-8.06,-0.49,779,791,830,832,813
36501,1.89,12.88,2.56,772,793,838,832,807
36521,-9.16,20.32,8.06,776,784,830,822,810
36541,-7.14,2.20,4.27,775,786,827,822,815
36561,2.20,-12.15,-0.98,773,786,819,822,836
36581,3.36,-4.46,-2.38,772,781,819,828,816
36601,-8.00,-1.28,-2.20,769,779,813,818,820
36621,-10.68,1.28,-0.67,767,782,813,818,811
36641,-5.37,-4.82,-0.43,788,787,806,822,807
36661,0.61,-7.51,-2.14,775,784,801,815,810
36681,0.00,-10.01,-2.81,772,784,806,818,814
36701,-1.59,4.09,1.34,776,785,794,816,814
36721,2.50,5.68,2.14,775,790,794,821,810
36741,0.49,-1.10,-0.43,769,781,799,819,806
36761,-4.39,-6.41,-2.75,770,786,782,817,804
36781,-7.87,-0.43,-1.46,770,783,790,816,809
36801,-8.73,-2.62,-1.65,768,787,781,812,813
36821,-2.20,-1.34,0.24,769,782,779,811,828
36841,-0.18,-7.57,-5.62,771,784,775,814,811
36861,-6.53,-15.20,-4.58,768,784,771,811,808
36881,-5.68,-2.69,-0.18,772,781,780,818,811
36901,-5.43,9.16,1.83,774,783,778,808,804
36921,-6.04,0.12,0.31,772,775,771,811,809
36941,-2.38,-8.24,-4.21,769,784,779,815,810
36961,2.20,-13.37,-4.46,767,783,771,813,804
36981,5.13,-5.92,-1.77,774,784,767,808,810
37001,-3.48,-0.06,0.31,776,788,770,816,815
37021,-4.94,0.24,-0.12,774,780,772,816,803
37041,-0.43,-9.03,-2.56,770,780,764,808,811
37061,6.41,-14.40,-3.97,776,786,772,820,805
37081,4.70,-13.18,-3.91,771,785,771,810,811
37101,1.16,-1.83,0.12,771,777,774,812,806
37121,-0.55,1.16,-0.24,769,791,767,815,811
37141,1.40,-10.44,-3.36,779,785,766,811,805
37161,5.43,-11.23,-3.54,772,780,763,813,813
37181,0.49,2.93,3.05,775,786,767,809,804
37201,-1.22,4.46,3.48,770,784,771,814,814
37221,0.79,-0.12,0.67,769,777,766,812,802
37241,1.77,-6.41,-3.78,774,784,773,810,804
37261,3.36,-1.40,-0.06,773,788,761,810,811
37281,3.23,4.39,4.94,771,779,766,811,807
37301,-2.14,5.80,3.42,772,787,767,811,808
37321,-6.35,3.91,1.71,770,787,768,812,815
37341,2.08,2.81,-0.18,774,791,768,818,811
37361,1.65,4.88,0.67,771,784,768,821,805
37381,-6.77,22.22,4.27,774,785,771,818,809
37401,-15.14,32.10,9.34,770,785,771,824,804
37421,-10.44,24.11,5.49,776,785,770,829,810
37441,-1.10,5.07,-1.10,766,784,775,827,824
37461,2.20,1.95,0.98,769,787,768,825,823
37481,-3.85,10.99,5.74,770,791,767,825,825
37501,-9.28,-2.08,3.66,776,781,777,827,816
37521,-8.79,31.37,8.12,772,778,769,824,827
37541,-2.69,8.00,0.24,770,777,772,831,834
37561,5.68,0.67,2.56,770,786,774,839,825
37581,2.26,7.08,5.43,774,782,769,831,831
37601,-6.35,17.33,5.86,769,784,768,834,838
37621,-3.30,11.72,9.34,769,784,777,838,836
37641,15.87,-0.31,2.56,766,795,773,839,828
37661,11.41,-13.55,0.06,771,789,774,837,827
37681,4.09,-21.42,-6.65,773,784,775,838,828
37701,-3.42,-14.77,-1.22,769,786,762,835,834
37721,7.45,-21.79,-0.67,768,777,767,832,822
37741,31.19,-38.15,-6.10,776,782,771,838,816
37761,13.18,-11.05,0.31,771,786,777,839,822
37781,-3.97,2.20,4.39,775,785,771,842,816
37801,-0.06,7.87,-0.55,766,788,771,830,821
37821,3.54,3.72,-2.14,775,783,761,831,814
37841,1.16,-1.28,-2.93,769,780,775,828,814
37861,-3.17,4.58,-1.46,772,781,770,828,823
37881,-4.52,5.13,3.66,775,777,773,838,825
37901,3.78,-1.59,6.23,773,782,776,832,823
37921,4.94,-11.66,-8.79,772,778,777,835,821
37941,-6.77,-9.03,-10.25,766,784,770,835,820
37961,-10.99,0.67,1.10,771,786,772,832,849
37981,0.06,-3.60,7.51,777,780,772,836,822
38001,9.34,-7.87,-1.95,776,788,769,825,823
38021,1.53,-11.78,-9.03,766,784,773,833,819
38041,-2.75,-15.50,-7.39,769,789,780,837,818
38061,4.46,-15.81,1.77,773,783,776,837,825
38081,6.65,-11.90,1.71,770,783,779,833,822
38101,3.42,-9.89,0.85,775,784,777,833,825
38121,0.98,-11.17,-3.54,774,784,776,829,817
38141,-3.54,2.38,1.89,775,786,777,828,824
38161,0.06,4.03,7.39,768,780,771,834,824
38181,11.29,-12.51,-0.92,765,788,780,836,826
38201,9.22,-17.15,-7.63,769,781,778,833,835
38221,2.26,-2.56,-3.05,769,781,788,822,822
38241,-10.86,14.77,10.50,774,787,777,827,831
38261,-17.94,24.54,9.34,771,783,774,827,823
38281,-3.85,1.22,-1.28,770,783,776,826,826
38301,7.87,-8.48,-3.05,773,786,777,826,828
38321,0.79,4.27,-0.67,769,787,778,821,831
38341,-22.77,30.52,8.67,770,781,774,823,828
38361,-13.24,13.18,1.65,770,781,775,818,828
38381,4.52,-8.00,-5.13,768,785,776,823,824
38401,6.04,-11.23,-5.31,771,781,776,825,823
38421,-2.99,2.32,-3.17,769,786,774,827,820
38441,-13.31,6.77,2.75,773,782,769,822,826
38461,1.65,-10.93,-2.62,771,772,765,826,815
38481,5.43,-25.57,-3.17,767,783,772,817,817
38501,1.77,-20.14,-3.60,775,787,771,814,811
38521,-9.03,6.77,3.11,772,776,773,814,813
38541,-7.51,-2.08,-0.67,768,779,770,811,812
38561,-2.26,-9.28,-4.09,773,797,768,807,818
38581,4.58,-10.68,-3.97,766,786,769,810,816
38601,-1.46,0.49,-0.73,775,786,770,812,817
38621,-16.66,10.93,3.11,769,782,767,814,815
38641,-18.62,7.14,-1.04,772,784,767,811,816
38661,-3.97,-5.37,-4.88,768,783,767,815,806
38681,8.85,-9.64,-2.93,772,783,764,815,810
38701,2.93,-3.91,0.06,771,783,774,814,808
38721,-13.12,6.29,-0.06,768,789,766,811,814
38741,-5.37,-2.38,-3.54,775,783,768,815,808
38761,2.99,-8.91,-3.48,774,787,769,809,807
38781,-2.69,0.49,0.67,768,785,770,814,809
38801,-6.71,12.15,2.99,772,778,768,813,804
38821,-4.27,13.00,-1.83,773,785,765,810,814
38841,2.50,0.67,-4.82,771,788,768,812,803
38861,5.92,-11.29,-2.26,772,782,769,804,812
38881,-0.37,-8.73,1.46,777,794,767,813,809
38901,-13.43,5.07,5.19,774,798,767,812,805
38921,-6.84,1.22,1.53,765,781,763,809,833
38941,4.15,-5.43,-2.99,776,782,763,809,810
38961,11.17,-7.63,-5.00,771,779,771,809,804
38981,2.08,0.79,4.88,766,802,767,811,806
39001,-6.41,19.35,5.80,776,788,761,809,819
39021,-7.57,14.28,1.59,767,790,768,810,825
39041,-4.70,6.96,-5.86,770,780,768,810,840
39061,-9.52,16.85,0.55,769,790,767,810,835
39081,-16.17,25.27,5.13,772,787,766,819,845
39101,-22.58,32.23,6.41,772,787,767,815,858
39121,-12.76,14.10,-0.98,773,778,775,822,858
39141,-9.22,16.05,-5.62,765,785,768,819,860
39161,-7.75,10.74,-4.03,770,785,767,833,879
39181,-9.22,20.32,6.84,767,787,767,843,876
39201,-13.61,27.34,9.77,771,778,764,851,910
39221,3.42,5.31,3.05,768,783,766,859,891
39241,3.97,-10.25,-2.99,769,782,769,868,889
39261,-12.88,9.58,-4.21,773,781,761,863,888
39281,-10.38,16.42,2.62,769,791,764,867,897
39301,0.00,11.17,2.01,773,782,768,872,892
39321,3.97,0.92,-1.53,767,779,764,870,903
39341,0.67,-0.37,-4.27,775,786,768,878,900
39361,-5.68,9.89,1.22,768,788,765,877,903
39381,-1.22,11.17,5.49,768,787,765,872,903
39401,14.28,-6.10,3.91,770,778,772,875,903
39421,24.60,-2.93,4.70,770,784,766,884,895
39441,7.57,4.58,-1.04,773,776,770,884,903
39461,-10.62,12.39,0.49,769,780,760,880,903
39481,-4.33,6.16,6.90,773,786,769,886,902
39501,11.29,-19.71,0.31,772,779,766,882,901
39521,10.93,-25.27,-6.71,770,782,770,875,900
39541,-8.54,18.80,1.71,769,781,766,884,911
39561,3.78,13.37,9.16,771,779,760,881,903
39581,20.94,-13.92,2.20,770,778,767,884,907
39601,17.70,-25.39,-5.98,763,780,761,886,905
39621,9.34,-9.64,-6.35,769,779,763,887,898
39641,1.89,10.93,-0.37,772,783,769,882,899
39661,4.94,-1.83,5.43,775,785,771,880,895
39681,13.24,-29.24,0.12,769,785,762,881,899
39701,11.17,-22.77,-2.87,771,779,759,880,896
39721,-3.85,-2.32,-3.91,766,779,767,875,907
39741,-11.17,5.00,-0.85,772,782,768,884,894
39761,3.36,-6.23,-1.71,771,783,767,882,895
39781,11.35,-16.24,-5.49,763,777,764,883,893
39801,-6.23,4.94,-1.53,771,783,784,879,899
39821,-2.08,9.89,4.33,776,778,762,879,902
39841,9.40,6.10,3.66,773,781,764,887,899
39861,5.74,0.85,4.94,773,786,768,891,896
39881,-1.28,4.52,-0.67,771,789,764,891,909
39901,-10.19,3.54,-2.99,771,785,765,890,903
39921,-8.42,-1.83,-5.00,770,782,769,893,911
39941,0.24,-2.56,-2.50,772,779,765,896,913
39961,6.65,-4.21,2.75,775,783,769,891,904
39981,4.82,2.01,4.70,771,781,765,893,908
40001,-2.08,2.81,1.28,768,800,764,891,914
40021,-4.21,-1.10,-4.46,769,784,771,895,922
40041,-2.44,-5.98,-3.42,764,781,768,898,916
40061,6.41,-7.32,-1.22,767,781,767,893,911
40081,4.09,-10.25,-4.09,768,787,764,899,913
40101,-4.33,-9.70,-3.42,770,790,769,895,917
40121,-2.14,-9.34,0.61,769,771,767,897,917
40141,8.36,-13.00,-0.18,765,787,769,910,913
40161,5.74,-12.70,-10.19,769,782,770,902,918
40181,-2.14,-11.11,-9.77,770,781,771,900,927
40201,-3.30,-3.54,6.84,773,785,767,897,914
40221,11.23,3.66,16.48,775,779,767,902,918
40241,8.48,16.78,14.59,766,785,765,905,918
40261,7.87,1.95,4.33,769,784,764,904,918
40281,9.22,-16.60,-5.25,769,785,788,908,919
40301,-4.39,-5.00,-1.46,765,788,770,904,914
40321,-12.39,22.34,14.95,772,776,772,903,919
40341,8.18,7.87,7.51,767,785,768,902,915
40361,9.40,-12.45,1.34,770,779,771,903,919
40381,0.24,-5.98,-5.55,766,779,772,899,924
40401,-13.06,14.77,2.87,768,794,765,888,922
40421,-7.20,16.60,10.93,770,782,769,895,911
40441,6.65,-0.43,3.60,780,776,769,904,919
40461,3.85,0.55,2.26,773,781,773,888,921
40481,0.00,7.93,0.12,769,784,773,890,927
40501,-7.39,20.75,3.97,771,783,766,895,919
40521,-12.33,18.74,5.13,769,791,773,899,916
40541,-3.05,2.62,0.92,773,782,771,891,919
40561,7.14,0.85,2.14,771,795,771,889,922
40581,1.53,9.58,1.89,766,787,777,884,918
40601,1.65,9.34,8.97,764,779,779,879,920
40621,7.75,-6.29,0.67,772,774,772,888,916
40641,-1.04,-1.46,-2.75,769,784,779,888,925
40661,-6.23,2.69,-3.11,768,781,778,886,918
40681,-6.53,0.00,-1.46,767,789,774,890,921
40701,1.22,-1.53,0.85,771,785,778,887,915
40721,4.46,-0.61,4.21,769,777,781,895,920
40741,6.90,3.23,2.01,770,783,781,889,925
40761,0.85,-1.59,-0.31,773,786,780,882,917
40781,2.14,-20.69,-4.33,767,787,777,892,910
40801,8.97,-17.09,-3.11,773,778,781,882,919
40821,-1.28,7.26,2.32,770,783,774,875,912
40841,-12.94,24.29,4.64,769,775,773,875,896
40861,-12.57,12.39,-2.44,776,786,775,865,893
40881,-9.77,-3.05,-8.61,768,781,770,864,892
40901,-10.01,-10.44,-8.67,764,790,769,849,879
40921,-15.63,-1.28,-2.38,770,789,773,846,870
40941,-10.86,3.72,2.93,774,784,773,829,868
40961,-2.26,-5.74,-2.50,772,786,772,831,841
40981,3.54,-19.23,-6.71,770,784,763,822,840
41001,-0.67,-17.21,-7.02,772,784,768,821,830
41021,-9.40,-9.03,-5.62,772,778,768,828,831
41041,-10.01,-6.71,-3.54,766,783,762,818,826
41061,-3.23,-11.05,-7.14,767,772,761,816,826
41081,0.55,-16.91,-8.54,770,776,767,815,814
41101,-1.22,-8.36,-7.32,774,777,763,826,830
41121,-4.76,-4.58,0.79,766,773,774,818,829
41141,-4.15,2.14,0.00,771,782,767,819,829
41161,-2.01,-1.46,-1.65,770,785,763,818,828
41181,-0.43,-2.44,-3.78,768,779,764,813,827
41201,1.77,-8.79,-6.35,769,781,757,814,822
41221,-0.98,-8.06,-5.86,769,787,764,819,824
41241,-5.68,-4.33,-3.60,767,779,767,820,818
41261,-3.91,3.91,-3.36,769,786,760,815,814
41281,-5.19,-5.25,-7.20,767,784,762,817,814
41301,-0.37,-10.50,-8.79,772,779,769,812,849
41321,-0.79,-2.81,-2.87,767,777,768,814,817
41341,-3.97,1.34,0.24,765,783,764,821,826
41361,-7.20,8.85,0.43,766,778,765,816,825
41381,-5.68,4.88,-1.71,768,782,764,815,829
41401,0.24,-9.03,-8.00,763,786,768,817,832
41421,3.97,-9.64,-5.13,761,779,762,816,823
41441,5.80,-17.94,-2.08,761,778,764,815,824
41461,16.30,-21.48,-3.05,768,789,763,817,816
41481,22.95,-18.74,-2.50,770,781,769,817,818
41501,25.88,-15.99,2.08,767,784,766,824,824
41521,27.65,-14.71,-3.91,763,779,768,813,821
41541,40.16,-12.27,-3.05,771,784,770,816,822
41561,55.79,13.49,3.78,767,782,762,814,819
41581,64.64,3.23,1.83,771,783,770,815,821
41601,63.60,18.31,5.19,764,780,763,822,824
41621,72.14,19.59,7.57,768,782,776,811,818
41641,103.64,12.82,7.51,769,783,764,819,823
41661,140.99,19.47,5.74,770,785,767,814,815
41681,122.50,29.54,12.63,769,778,769,818,820
41701,122.07,42.05,11.60,769,777,763,815,823
41721,139.22,49.07,6.29,767,781,762,816,812
41741,146.48,40.16,4.52,765,779,769,811,812
41761,136.72,30.33,4.64,765,782,767,808,822
41781,138.00,33.63,3.42,766,775,768,812,816
41801,161.44,38.33,4.94,769,786,765,812,818
41821,187.44,41.50,6.90,772,785,760,820,823
41841,178.04,32.71,3.48,771,780,763,813,823
41861,162.96,17.46,-3.30,768,783,770,806,824
41881,137.82,16.66,2.26,766,783,764,809,817
41901,119.45,28.44,11.47,769,785,765,814,812
41921,110.41,49.62,15.75,768,782,764,806,814
41941,123.23,36.32,9.58,773,782,762,816,806
41961,116.09,26.67,11.17,775,785,767,818,823
41981,112.43,37.66,18.68,773,783,775,816,807
42001,121.03,47.49,16.48,770,780,765,815,818
42021,125.49,51.45,11.35,772,788,765,812,823
42041,126.83,40.89,7.20,771,782,765,815,821
42061,113.04,38.82,7.87,771,782,761,809,820
42081,102.72,36.56,6.10,772,776,772,809,815
42101,109.62,42.18,2.44,772,777,763,813,813
42121,121.09,55.24,0.12,768,782,761,818,820
42141,108.09,31.62,-4.33,772,782,765,810,813
42161,75.32,16.97,-6.71,768,781,765,817,819
42181,77.64,14.95,-9.22,768,787,769,823,811
42201,78.80,18.98,-10.25,767,783,768,819,819
42221,48.46,15.99,-8.06,770,784,770,813,820
42241,28.08,10.50,-8.00,773,779,764,811,816
42261,22.09,10.31,-6.53,768,783,766,817,821
42281,14.59,16.36,-2.38,768,787,768,816,821
42301,11.11,18.19,-1.95,770,781,767,818,821
42321,13.79,13.12,-3.17,768,776,771,814,812
42341,1.10,5.55,-0.98,772,780,769,810,816
42361,-7.57,9.40,-0.49,770,789,770,816,817
42381,-11.54,14.53,0.55,767,785,766,817,822
42401,-12.33,14.53,-1.22,764,780,772,814,814
42421,-13.06,8.91,-0.92,771,784,765,817,822
42441,-18.62,-0.79,1.89,768,785,770,819,816
42461,-18.49,-1.89,2.50,772,784,766,811,819
42481,-21.00,5.31,3.23,768,787,768,813,818
42501,-25.27,3.91,1.53,767,777,758,813,819
42521,-20.20,-3.30,-0.43,770,786,764,819,824
42541,-22.52,-11.90,-0.92,768,782,769,810,817
42561,-28.14,-16.24,-0.85,770,784,761,819,812
42581,-46.08,-17.46,2.50,772,783,766,815,831
42601,-65.98,-6.53,5.74,765,782,765,814,818
42621,-49.26,-17.82,0.55,765,772,769,815,819
42641,-45.23,-26.43,-4.27,771,785,765,820,812
42661,-62.93,-21.67,-1.71,771,776,767,819,810
42681,-109.25,-9.28,13.49,772,783,763,818,815
42701,-130.49,-11.29,26.18,770,784,762,817,822
42721,-104.68,-17.94,7.81,765,780,761,815,810
42741,-80.32,-22.77,-10.31,766,782,768,808,826
42761,-109.56,-25.70,1.53,768,778,771,818,816
42781,-146.79,-8.24,23.86,769,777,766,814,814
42801,-144.29,-19.35,18.74,767,780,768,811,816
42821,-113.28,-34.42,-4.03,767,785,768,817,818
42841,-121.70,-27.95,-15.50,763,783,770,815,822
42861,-177.98,-10.74,-8.54,766,784,768,809,814
42881,-199.28,-10.80,16.17,771,783,762,817,818
42901,-173.89,-37.60,9.46,767,781,771,814,817
42921,-154.05,-42.85,-9.77,770,781,761,809,815
42941,-161.13,-38.57,-17.52,760,772,767,816,822
42961,-184.69,-21.55,-6.65,769,785,767,812,818
42981,-172.97,-18.62,5.92,766,781,771,813,823
43001,-74.10,-52.43,-19.41,766,781,770,819,815
43021,-38.45,-59.75,-32.71,771,782,767,810,815
43041,-76.48,-47.30,-27.77,767,779,763,811,813
43061,-138.06,-29.66,-13.55,770,782,769,808,819
43081,-172.12,-21.79,-4.94,772,783,766,814,815
43101,-165.59,-33.39,-15.32,761,778,771,812,814
43121,-169.74,-51.76,-27.65,768,778,769,816,819
43141,-183.96,-37.48,-23.44,768,784,771,816,805
43161,-162.66,-34.12,-15.56,767,783,775,812,814
43181,-78.98,-29.11,-14.89,765,778,765,817,810
43201,8.48,-23.01,-14.22,765,788,757,812,814
43221,35.22,-24.41,-16.60,765,777,772,817,819
43241,25.63,-15.08,-12.51,767,781,763,809,816
43261,1.77,-2.81,-7.51,784,783,765,814,820
43281,-19.78,5.86,-2.26,768,779,767,815,815
43301,-15.75,5.49,-4.70,764,783,768,815,814
43321,-7.93,-2.87,-2.99,773,784,765,815,817
43341,1.95,-0.31,0.55,766,782,770,818,843
43361,1.59,7.39,3.11,765,785,769,815,819
43381,-5.00,11.11,4.39,766,784,762,810,821
43401,-3.97,1.65,2.26,765,777,766,820,826
43421,-4.03,-4.33,0.67,769,780,768,816,813
43441,1.89,-5.55,0.18,764,775,764,815,821
43461,1.46,-3.30,0.24,770,780,766,816,816
43481,-3.97,0.37,0.49,768,783,769,816,814
43501,-7.51,1.22,0.73,765,778,761,816,820
43521,-5.80,-2.93,-0.85,765,781,761,816,812
43541,-8.12,-5.68,-2.08,769,777,766,816,818
43561,-8.97,-3.48,-1.65,771,785,765,819,816
43581,-10.31,-2.69,-2.01,771,779,767,819,811
43601,-17.03,-2.81,-2.93,770,775,768,821,817
43621,-29.42,-8.67,-5.25,770,780,763,811,814
43641,-46.45,-2.75,-6.35,769,779,765,820,808
43661,-50.35,-1.28,-7.20,767,791,763,813,819
43681,-49.50,1.22,-10.25,768,779,765,814,820
43701,-50.23,2.87,-12.76,768,778,769,815,822
43721,-56.88,5.86,-12.82,767,784,775,815,837
43741,-73.73,5.62,-13.43,768,785,767,810,817
43761,-92.10,-0.85,-12.88,770,779,764,823,816
43781,-89.23,-13.92,-12.21,771,777,762,808,815
43801,-72.81,-16.17,-16.91,764,770,762,814,821
43821,-70.31,-2.44,-13.18,770,779,764,812,816
43841,-90.76,-2.26,-8.91,765,778,767,817,811
43861,-115.72,-3.05,-8.48,770,778,760,813,816
43881,-119.75,0.85,-12.63,768,784,761,812,814
43901,-120.42,-0.37,-18.74,769,784,767,815,811
43921,-126.77,-8.54,-14.16,769,778,787,810,821
43941,-130.13,-11.47,-11.60,762,782,756,812,819
43961,-133.67,-15.38,-9.58,767,786,766,813,819
43981,-130.37,-15.08,-1.46,768,781,762,812,819
44001,-124.57,-8.30,5.13,774,785,767,817,816
44021,-111.15,-5.86,4.70,765,784,771,816,821
44041,-102.72,-1.65,3.91,771,784,765,813,816
44061,-93.75,12.51,5.19,767,782,765,812,811
44081,-83.25,33.51,1.22,772,777,763,817,814
44101,-92.90,35.64,3.54,770,784,768,822,820
44121,-90.88,31.07,6.77,774,784,767,814,815
44141,-76.78,21.61,6.77,773,779,761,814,820
44161,-63.72,17.76,2.20,770,784,765,818,820
44181,-67.57,12.51,3.11,770,780,762,817,810
44201,-86.30,1.34,12.21,768,775,767,816,816
44221,-91.74,-8.00,18.37,769,775,762,810,814
44241,-84.23,2.20,1.95,770,782,764,818,810
44261,-70.07,-3.17,-16.30,768,781,761,819,817
44281,-74.40,-14.47,-7.45,768,787,767,816,821
44301,-69.09,-9.52,7.75,766,788,768,810,818
44321,-50.54,-23.44,15.14,766,787,771,812,815
44341,-11.29,-34.18,14.53,764,783,764,812,817
44361,-1.71,-28.02,12.57,767,782,770,817,822
44381,-7.02,-14.47,15.08,769,785,767,812,814
44401,-24.05,-6.96,18.01,762,782,768,816,820
44421,-22.40,-11.23,19.53,763,776,770,818,816
44441,-10.07,-10.86,11.23,767,779,766,810,818
44461,-6.23,-9.77,2.08,760,775,768,811,814
44481,-5.80,-5.62,0.24,766,778,758,811,809
44501,-8.12,-6.77,8.61,769,779,764,811,817
44521,-0.61,-10.25,12.57,768,782,761,812,818
44541,5.37,-11.47,5.92,768,796,768,817,818
44561,6.96,-4.33,-2.44,768,786,764,813,815
44581,13.85,2.87,-3.42,766,797,759,819,813
44601,20.69,15.01,0.31,766,783,774,820,812
44621,32.29,30.03,10.25,765,782,762,811,817
44641,46.45,29.30,5.62,765,782,765,808,823
44661,69.52,22.52,-1.04,764,788,770,817,813
44681,96.01,13.24,-0.43,764,775,768,815,816
44701,119.69,5.00,7.69,771,787,764,815,818
44721,144.29,2.44,8.42,764,779,770,816,818
44741,147.64,11.41,1.16,765,780,767,815,817
44761,110.11,30.27,-7.69,769,782,767,806,816
44781,75.32,41.63,-8.18,764,783,766,809,824
44801,74.10,40.77,-5.13,778,784,768,813,810
44821,122.68,20.75,-11.41,779,778,769,808,815
44841,174.07,0.61,-35.71,766,777,766,813,821
44861,167.60,-4.09,-38.88,768,780,765,806,810
44881,144.78,8.18,-10.68,766,776,768,815,817
44901,184.14,8.54,-9.89,763,780,766,814,821
44921,205.38,11.17,-36.99,769,781,769,813,810
44941,180.79,6.41,-52.31,770,786,759,810,811
44961,112.24,-0.85,-47.12,770,782,770,816,809
44981,59.27,-7.26,-34.79,770,777,766,814,809
45001,57.50,-18.31,-23.93,768,778,767,812,806
45021,104.98,-34.06,-19.65,765,785,763,813,815
45041,147.16,-23.68,-20.63,765,784,765,815,818
45061,113.22,4.64,-15.50,766,776,771,818,813
45081,49.93,14.16,-3.11,768,781,765,810,816
45101,-1.83,5.98,10.07,762,784,766,814,816
45121,-17.46,-1.22,4.33,764,777,772,813,823
45141,-31.13,-13.67,-2.62,764,774,763,813,819
45161,-14.10,-13.24,0.61,771,780,768,811,809
45181,6.23,-12.33,2.01,761,778,769,811,820
45201,24.11,-11.29,1.95,769,789,765,809,814
45221,21.97,-12.15,-0.18,766,788,783,810,813
45241,3.17,-5.86,1.83,770,780,765,813,818
45261,-2.62,1.10,3.66,767,776,768,811,816
45281,-1.10,-3.17,11.23,763,785,776,816,805
45301,7.69,-8.54,13.85,765,777,765,811,814
45321,14.89,-12.57,17.21,766,775,765,806,811
45341,20.32,-10.80,21.97,762,781,761,808,809
45361,15.44,-10.31,25.76,769,781,780,818,811
45381,8.42,-12.33,31.74,766,784,767,810,814
45401,6.23,-14.71,39.18,770,782,764,809,813
45421,20.32,-15.20,52.19,765,782,773,810,814
45441,22.40,-16.48,52.61,766,781,768,813,815
45461,18.55,-13.98,51.45,765,786,768,814,815
45481,14.59,-15.38,56.34,764,780,772,815,810
45501,16.11,-16.72,68.30,772,775,762,812,810
45521,22.34,-16.11,79.47,765,778,768,814,815
45541,17.82,-11.35,77.09,769,782,767,812,817
45561,10.99,-13.61,75.74,765,788,764,810,816
45581,16.11,-17.64,78.61,769,787,767,815,815
45601,21.24,-24.96,77.88,765,785,760,813,808
45621,20.45,-26.25,75.01,770,783,764,818,817
45641,21.67,-20.87,72.88,767,780,766,811,837
45661,18.31,-19.04,70.92,767,775,770,811,815
45681,11.84,-22.28,66.10,767,786,760,816,822
45701,13.12,-21.42,62.87,767,777,763,815,809
45721,9.34,-22.28,55.05,766,777,769,819,811
45741,1.71,-22.58,51.64,766,775,765,811,809
45761,-3.85,-19.04,51.27,762,781,761,812,824
45781,0.43,-19.41,54.50,767,783,761,815,814
45801,5.07,-15.38,63.17,764,786,768,809,811
45821,6.59,-19.84,61.10,767,782,766,814,809
45841,8.12,-28.08,53.47,766,796,767,804,809
45861,11.35,-30.70,49.44,763,783,767,810,806
45881,14.83,-24.35,50.78,766,779,763,815,815
45901,18.07,-13.12,54.20,767,780,762,823,809
45921,18.55,-11.47,52.67,764,779,767,813,815
45941,11.41,-16.72,41.50,768,777,767,811,809
45961,-0.55,-31.19,33.57,769,778,768,811,812
45981,-5.31,-27.40,32.96,765,782,769,814,811
46001,-4.33,-13.98,38.39,768,778,764,809,810
46021,2.81,-14.34,35.10,765,783,767,811,816
46041,13.67,-20.94,25.33,764,785,766,812,807
46061,8.54,-27.95,21.42,768,781,765,808,803
46081,-3.85,-28.02,24.05,764,780,762,813,806
46101,-10.80,-22.46,31.19,765,786,765,812,813
46121,-11.54,-17.15,30.70,766,794,760,813,816
46141,-4.64,-25.82,23.44,759,782,773,815,815
46161,10.80,-29.91,18.55,767,787,769,816,810
46181,11.35,-25.15,21.00,764,784,768,812,811
46201,12.88,-19.96,18.13,763,780,763,811,815
46221,14.89,-17.82,8.42,767,783,762,814,814
46241,18.25,-13.12,2.62,767,780,763,817,810
46261,6.96,-6.10,0.18,763,786,763,819,812
46281,-7.39,0.12,-10.01,767,782,763,819,811
46301,-14.59,-5.00,-11.84,768,782,770,816,812
46321,-5.13,-4.58,-15.81,775,779,765,818,813
46341,-3.48,1.83,-17.76,765,779,765,810,813
46361,-0.49,8.42,-10.93,767,779,768,809,809
46381,-5.49,11.17,-10.50,766,781,766,814,810
46401,-11.41,7.20,-12.76,764,784,770,815,808
46421,-10.68,3.54,-14.65,764,785,765,814,813
46441,-4.03,10.74,-16.42,769,781,767,808,819
46461,-1.95,21.30,-13.49,762,781,761,810,822
46481,-8.73,23.93,-19.23,766,777,765,814,812
46501,-11.11,16.72,-31.43,763,773,762,816,807
46521,-8.61,15.44,-41.81,766,785,763,816,817
46541,-5.31,27.59,-45.65,763,780,768,816,811
46561,-14.40,38.82,-49.26,769,784,769,814,816
46581,-23.62,38.09,-55.85,764,781,761,814,815
46601,-16.54,35.34,-69.82,765,789,768,815,805
46621,-2.69,32.96,-83.74,761,787,766,812,814
46641,4.76,35.52,-90.64,766,785,755,810,811
46661,-1.53,47.49,-86.30,762,782,773,809,815
46681,-13.12,58.11,-86.55,765,780,761,809,804
46701,-17.76,51.51,-89.97,763,781,762,808,813
46721,-1.95,38.21,-98.14,762,790,765,813,813
46741,18.62,32.29,-103.52,764,780,770,810,809
46761,-2.56,52.12,-106.45,766,773,768,814,813
46781,-4.58,65.98,-118.77,764,788,764,816,812
46801,-0.18,56.95,-121.46,761,786,758,810,813
46821,2.32,36.62,-113.77,767,776,760,807,809
46841,22.28,45.17,-110.47,766,780,767,816,808
46861,26.61,66.53,-105.47,766,773,770,809,810
46881,20.75,88.13,-110.17,768,775,765,815,815
46901,7.69,84.53,-118.65,764,781,768,812,811
46921,12.33,59.33,-121.03,770,787,762,817,815
46941,19.71,40.65,-110.11,769,780,767,812,816
46961,19.47,49.87,-125.00,766,781,761,818,809
46981,-3.11,55.18,-114.99,764,788,781,812,838
47001,7.75,61.16,-106.20,766,779,762,806,815
47021,15.87,34.67,-79.47,759,782,765,816,810
47041,-0.79,22.16,-77.51,771,778,761,818,809
47061,3.30,15.01,-75.13,771,786,769,812,805
47081,-0.37,13.37,-65.25,764,781,765,812,812
47101,3.72,11.84,-57.50,766,787,769,814,818
47121,0.92,10.38,-67.50,767,772,763,811,814
47141,8.36,8.61,-73.91,762,782,762,809,808
47161,4.33,-0.12,-73.79,767,786,770,812,815
47181,1.40,9.95,-71.78,768,782,765,806,806
47201,-11.72,12.27,-67.50,768,785,762,809,813
47221,-13.67,9.64,-62.50,761,780,767,814,814
47241,-34.85,4.76,-59.75,767,771,767,806,813
47261,-53.28,4.09,-58.35,761,782,762,815,817
47281,-55.85,0.49,-51.21,765,786,766,815,812
47301,-21.24,-4.58,-44.07,761,789,767,809,818
47321,14.59,2.44,-37.78,769,783,765,811,810
47341,39.25,15.56,-34.42,763,781,765,811,819
47361,41.38,17.21,-34.24,766,785,761,815,819
47381,31.68,4.64,-24.96,765,787,761,809,815
47401,32.41,-5.00,-17.27,766,784,767,812,817
47421,24.29,-6.77,-13.24,771,786,768,815,807
47441,14.77,1.22,-10.62,766,780,767,813,807
47461,-3.17,6.35,-4.94,766,786,766,814,814
47481,-10.07,4.39,4.27,763,779,783,819,815
47501,-8.24,-5.07,8.79,767,781,758,814,808
47521,-6.29,-10.31,8.36,766,777,766,816,806
47541,-8.97,-8.36,8.67,763,780,759,816,809
47561,-5.49,-0.92,18.37,769,777,770,827,811
47581,-5.07,-5.31,23.38,764,787,768,809,818
47601,-2.69,-12.33,25.45,768,789,767,807,814
47621,-1.65,-10.80,28.02,765,781,759,812,806
47641,-1.40,-7.57,30.70,766,783,764,811,819
47661,-5.92,-7.87,38.09,767,782,755,814,808
47681,-13.85,-5.62,50.96,768,775,764,813,813
47701,-12.82,-1.83,63.05,765,784,762,812,813
47721,-17.21,-2.32,74.16,771,785,756,808,813
47741,-20.87,-5.55,85.27,763,785,761,808,810
47761,-20.32,-12.27,92.90,764,786,764,817,816
47781,-15.01,-29.36,104.92,764,776,766,813,813
47801,-26.43,-50.96,110.60,762,793,762,816,815
47821,-34.18,-55.48,106.87,762,782,768,816,816
47841,-11.60,-26.00,116.82,764,773,765,814,814
47861,-46.39,-37.11,113.59,766,785,766,816,822
47881,-29.36,-37.05,121.70,766,787,763,814,812
47901,-63.11,-40.83,122.50,764,784,762,812,811
47921,-38.51,-14.95,102.29,765,776,772,815,810
47941,-54.69,-16.85,89.11,762,783,767,806,807
47961,-50.90,-22.83,98.08,763,782,757,813,835
47981,-16.60,-25.70,98.08,765,781,767,811,816
48001,-14.77,-35.46,104.74,766,774,770,812,803
48021,-5.62,-30.70,97.05,765,785,769,814,812
48041,-8.42,-33.33,99.43,761,785,767,810,809
48061,-28.81,-41.26,90.09,767,779,766,815,812
48081,-0.79,-37.29,93.44,767,779,768,811,808
48101,6.04,-43.09,88.81,767,786,763,812,811
48121,25.70,-32.71,86.30,763,786,763,805,821
48141,42.91,-16.66,98.39,771,774,767,815,813
48161,39.25,-14.40,99.91,767,786,765,806,810
48181,20.51,-19.35,85.63,768,775,772,813,818
48201,-0.55,-24.84,69.34,767,782,766,813,809
48221,-13.31,-15.99,61.83,764,780,767,815,809
48241,-26.67,-5.74,65.80,769,780,768,809,818
48261,-33.69,-2.75,63.84,762,780,766,812,811
48281,-35.03,0.73,51.70,769,782,762,812,810
48301,-15.81,3.17,43.52,766,790,772,809,811
48321,-2.38,5.25,41.26,762,789,766,811,817
48341,-21.12,9.58,36.99,761,776,769,814,805
48361,-21.61,4.70,20.02,767,781,772,812,810
48381,-1.77,1.10,11.47,759,772,766,816,810
48401,13.06,3.48,4.70,770,783,764,814,807
48421,21.85,4.58,-1.59,767,786,773,808,808
48441,19.29,7.20,-1.34,770,777,767,808,818
48461,13.55,7.87,-2.38,759,782,766,812,815
48481,23.74,6.35,-4.33,765,781,768,814,811
48501,42.42,10.99,-3.36,764,787,767,807,811
48521,63.90,15.14,-3.85,764,776,764,811,813
48541,77.88,16.36,-5.00,764,777,764,811,820
48561,80.75,18.74,-3.85,769,780,768,821,809
48581,86.00,21.30,-1.95,765,781,763,807,808
48601,106.08,28.99,0.00,768,781,766,816,811
48621,123.96,35.10,2.08,762,777,768,817,816
48641,116.27,45.10,5.80,765,783,770,812,815
48661,103.52,50.11,9.64,764,779,769,819,813
48681,101.81,50.84,13.85,767,779,769,815,812
48701,110.78,55.11,20.69,768,777,765,816,810
48721,117.80,63.72,31.19,765,783,764,812,808
48741,119.93,70.62,38.45,764,785,771,810,807
48761,122.92,72.45,45.04,766,782,765,815,815
48781,140.26,73.43,48.46,765,785,765,819,806
48801,176.15,80.08,55.11,762,776,770,809,808
48821,205.63,86.06,65.55,764,775,767,818,803
48841,195.98,105.96,74.34,763,776,766,808,811
48861,183.78,75.62,72.33,771,784,759,810,808
48881,158.57,69.34,74.28,761,777,772,811,810
48901,134.58,75.50,86.79,763,781,769,814,807
48921,120.54,90.94,91.25,761,782,766,808,814
48941,122.68,98.21,91.55,766,781,759,806,813
48961,130.00,63.17,91.98,767,779,762,817,806
48981,137.02,44.43,90.33,763,776,768,805,816
49001,138.06,38.76,93.20,762,780,768,813,814
49021,132.87,39.00,98.69,768,779,769,811,809
49041,149.35,37.35,98.33,770,780,763,809,811
49061,157.78,7.63,93.69,763,782,763,813,812
49081,142.52,7.02,94.18,759,785,761,803,818
49101,137.02,-20.02,98.45,761,778,763,812,808
49121,124.02,8.00,103.33,763,776,756,812,815
49141,122.13,1.71,96.92,764,789,761,810,810
49161,116.33,-8.30,80.81,768,785,769,817,805
49181,103.76,-32.78,74.04,764,782,764,815,810
49201,105.29,-35.58,74.77,765,774,762,813,806
49221,91.86,-12.57,78.25,767,783,763,814,818
49241,76.05,-32.23,76.54,762,783,773,814,805
49261,70.98,-30.76,70.25,761,778,770,814,805
49281,82.76,-41.93,62.32,765,783,771,816,811
49301,87.89,-14.10,63.90,765,778,765,814,808
49321,82.95,-17.33,54.99,770,782,766,825,813
49341,70.98,-30.88,45.72,765,780,765,814,815
49361,60.91,-37.35,31.43,765,785,757,806,808
49381,45.53,-24.35,21.85,765,783,767,815,813
49401,16.36,-9.03,13.43,763,781,765,821,819
49421,-11.47,-6.65,0.98,763,784,763,810,829
49441,-5.00,-3.85,-10.50,769,780,762,810,815
49461,7.81,1.59,-14.16,767,784,773,812,812
49481,13.61,-0.43,-15.08,760,783,768,818,811
49501,1.95,6.23,-13.98,773,783,762,813,812
49521,-13.92,11.60,-9.95,765,774,767,815,813
49541,-21.67,6.16,-9.09,767,780,764,812,806
49561,-12.08,7.81,-4.76,768,779,768,816,817
49581,-4.03,9.83,-1.28,762,781,762,813,807
49601,-8.91,10.68,-0.31,760,784,771,807,811
49621,-24.41,4.21,-0.85,761,782,772,810,812
49641,-27.53,3.17,-0.92,765,781,758,812,840
49661,-13.31,1.10,-2.81,765,781,763,811,812
49681,0.00,3.17,-5.49,763,773,765,814,809
49701,-6.29,-14.04,-2.93,763,777,767,812,814
49721,-14.47,0.79,1.77,764,772,768,815,813
49741,-8.12,4.03,2.56,760,780,764,811,838
49761,0.49,13.49,1.22,765,787,766,810,810
49781,2.50,14.95,0.61,767,789,767,812,811
49801,-1.83,13.31,2.99,762,788,769,813,815
49821,-8.54,22.46,6.16,765,786,759,820,813
49841,-6.10,21.61,3.91,766,798,765,818,816
49861,-0.85,26.18,1.89,760,788,773,815,821
49881,1.16,19.78,1.34,762,800,760,821,826
49901,-6.29,19.90,-0.37,765,808,764,824,831
49921,-9.16,12.33,1.53,759,802,767,828,830
49941,-2.99,6.59,1.59,764,812,762,830,830
49961,-2.20,16.97,23.86,770,812,767,819,838
49981,-11.78,-0.49,1.65,761,820,761,827,838
50001,-21.36,-9.70,2.50,763,823,764,836,828
50021,-6.16,-15.38,3.91,771,839,769,822,837
50041,-17.88,-15.87,9.64,769,837,766,830,834
50061,-17.58,1.16,6.65,770,844,765,817,839
50081,-21.00,1.34,1.22,762,864,764,827,839
50101,-22.03,6.16,3.05,765,861,783,825,842
50121,-28.08,2.69,4.82,769,867,769,828,841
50141,-26.49,-0.18,5.92,770,883,768,830,858
50161,-21.79,-8.73,5.80,768,891,772,835,858
50181,-21.36,-2.44,6.77,771,892,780,842,867
50201,-34.42,6.65,9.58,768,899,779,841,869
50221,-37.23,4.15,9.52,766,913,780,844,879
50241,-23.62,-6.84,3.17,765,906,783,853,890
50261,-15.32,-5.25,2.20,764,915,777,871,894
50281,-22.40,-6.77,2.81,771,903,785,870,899
50301,-18.68,-11.05,2.50,779,911,790,878,901
50321,-10.62,-6.77,4.15,785,915,792,880,897
50341,-5.49,-1.77,1.46,794,912,795,881,911
50361,-5.92,-5.31,0.37,804,910,796,880,915
50381,-9.70,-3.54,1.22,805,917,802,880,909
50401,-8.48,-7.57,3.97,815,917,797,882,906
50421,-2.93,-4.76,-3.30,817,925,812,878,910
50441,2.14,-11.29,-3.91,819,922,796,877,907
50461,5.25,-9.46,-2.01,825,938,782,875,911
50481,-2.87,-6.59,-0.67,825,914,790,886,903
50501,-15.44,-2.75,0.49,829,911,793,882,903
50521,-7.93,-5.00,0.61,833,919,792,884,902
50541,4.76,-6.53,-0.49,833,919,790,879,903
50561,7.20,-7.63,-3.85,838,919,787,887,906
50581,-6.59,2.32,-4.64,829,919,791,879,898
50601,-16.97,-1.10,3.78,831,911,782,883,899
50621,-6.90,-6.47,-1.77,833,921,787,877,895
50641,-0.43,-13.24,-7.02,840,920,786,877,912
50661,0.24,-5.07,-7.63,832,918,779,875,906
50681,-7.81,5.62,-0.18,828,914,778,880,896
50701,-4.52,-0.67,2.08,834,918,783,875,900
50721,-2.75,-9.22,-3.91,831,912,779,876,887
50741,-3.36,-12.21,-8.42,832,914,780,875,899
50761,-7.20,4.27,-2.38,833,923,783,878,895
50781,-3.05,-0.18,-3.78,831,910,782,872,902
50801,0.55,-8.73,-9.89,831,918,791,884,898
50821,-2.56,-8.73,-12.08,827,913,781,878,897
50841,-11.78,6.23,-4.27,830,910,786,873,901
50861,-14.04,6.90,-1.65,831,911,778,882,898
50881,-6.59,5.25,-4.21,820,910,786,871,900
50901,-3.91,-4.52,-7.45,825,923,783,873,902
50921,-6.84,-6.65,-8.36,831,910,782,878,897
50941,-13.79,17.94,0.92,823,911,781,871,901
50961,-16.05,21.48,7.75,822,921,779,873,924
50981,-4.58,17.76,2.93,823,915,783,880,896
51001,0.73,1.77,-1.83,812,905,777,871,893
51021,-1.22,4.46,-1.53,808,880,777,863,882
51041,-14.04,21.97,2.38,808,890,772,862,878
51061,-13.92,19.23,4.94,796,886,772,856,878
51081,-13.37,15.20,1.95,803,884,778,857,869
51101,-11.72,7.32,-1.16,794,870,775,855,871
51121,-13.31,12.88,-3.17,793,854,772,848,861
51141,-17.88,12.15,-1.83,792,856,775,843,856
51161,-26.18,10.86,9.09,789,842,769,836,852
51181,-24.66,4.70,6.41,784,840,766,825,843
51201,-15.93,-6.53,-1.28,791,814,768,830,843
51221,-13.79,-12.33,-8.79,785,807,776,825,838
51241,-20.45,-9.22,-3.91,783,792,770,819,835
51261,-35.40,10.01,8.48,785,797,769,822,835
51281,-26.43,6.23,3.54,784,800,771,815,826
51301,-17.33,-12.82,-8.12,783,799,768,816,831
51321,-18.98,-25.70,-12.02,782,791,770,820,831
51341,-36.68,-2.75,0.37,784,787,774,816,824
51361,-36.07,6.96,2.75,776,793,769,813,823
51381,-19.17,-7.02,-7.08,783,792,768,813,822
51401,-7.39,-16.54,-13.67,780,787,767,817,824
51421,-11.17,-8.24,-9.03,781,782,769,812,818
51441,-29.17,5.13,-0.98,777,785,765,817,820
51461,-36.25,3.05,1.28,776,792,774,818,819
51481,-21.48,-8.00,-5.68,777,790,769,824,827
51501,-13.00,-14.16,-8.73,774,790,771,819,821
51521,-10.07,-4.70,-2.08,781,790,766,836,825
51541,-12.70,2.08,2.99,778,788,765,830,823
51561,-16.91,-0.55,4.03,778,796,767,820,824
51581,-5.98,-3.48,-3.97,777,795,767,824,817
51601,-8.24,-0.79,-3.54,769,785,773,815,819
51621,-15.63,8.73,1.71,777,783,764,822,821
51641,-19.65,8.91,1.46,776,785,768,817,821
51661,-15.01,7.63,0.79,777,780,769,815,815
51681,-14.53,5.68,-3.60,778,785,762,819,818
51701,-16.36,5.00,-5.68,778,789,768,822,819
51721,-21.24,1.46,-8.06,775,786,761,818,824
51741,-18.98,0.67,-11.84,775,784,770,817,848
51761,-18.19,4.33,-12.94,774,781,767,821,822
51781,-26.25,0.73,-13.61,776,787,773,814,842
51801,-38.02,1.53,-12.94,774,781,762,819,818
51821,-40.77,-1.59,-14.77,772,789,769,815,823
51841,-40.83,-1.34,-19.29,773,778,763,819,811
51861,-50.96,-12.45,-18.25,779,783,766,818,823
51881,-73.73,-4.70,-11.66,778,790,768,810,822
51901,-97.96,-1.71,-6.84,777,784,767,823,822
51921,-96.56,-2.38,-12.45,775,786,767,817,820
51941,-75.68,-4.94,-25.39,777,781,766,813,819
51961,-67.69,-0.12,-29.85,774,780,766,820,820
51981,-87.83,-19.84,-24.54,773,775,767,816,817
52001,-128.17,-25.94,-11.11,777,790,765,816,819
52021,-170.04,-25.39,-3.66,774,782,768,816,824
52041,-195.80,-27.22,-9.03,773,780,769,816,825
52061,-184.63,-37.90,-22.46,770,788,766,812,824
52081,-159.61,-54.50,-34.48,771,783,760,818,819
52101,-149.11,-64.33,-35.58,778,789,769,815,823
52121,-168.27,-76.90,-27.28,774,783,766,815,820
52141,-175.90,-76.84,-28.08,780,792,766,813,824
52161,-155.09,-92.59,-34.97,775,787,763,814,819
52181,-123.90,-107.06,-39.73,773,784,766,815,839
52201,-120.79,-116.82,-44.43,775,785,761,818,823
52221,-146.67,-121.83,-39.49,773,786,765,814,817
52241,-195.86,-115.42,-27.89,776,785,764,823,821
52261,-214.54,-106.20,-21.18,775,782,769,814,821
52281,-212.95,-107.48,-22.22,773,783,767,813,817
52301,-197.94,-118.29,-23.56,779,782,766,821,822
52321,-171.08,-118.65,-24.23,776,780,761,816,821
52341,-144.59,-112.79,-25.15,778,788,781,818,821
52361,-126.34,-105.77,-25.82,779,777,762,821,812
52381,-96.01,-105.90,-26.06,773,783,764,813,817
52401,-72.27,-101.26,-20.81,776,789,765,819,822
52421,-64.51,-85.63,-20.39,777,787,770,815,822
52441,-63.42,-83.50,-20.14,775,786,764,813,823
52461,-58.04,-81.05,-26.31,775,784,762,817,828
52481,-50.35,-78.12,-27.28,775,789,767,815,823
52501,-44.31,-72.88,-22.46,771,786,761,816,818
52521,-40.04,-55.18,-16.54,774,783,763,817,815
52541,-27.89,-41.69,-11.05,773,786,764,822,820
52561,-0.92,-36.44,-15.93,779,779,764,817,814
52581,20.75,-28.14,-21.55,779,777,768,817,822
52601,37.90,-22.58,-20.20,777,787,766,819,814
52621,46.57,-13.92,-17.21,777,785,766,822,815
52641,40.53,-8.06,-9.40,777,779,764,822,814
52661,18.68,-2.87,-6.10,784,778,763,822,812
52681,9.40,0.79,-2.01,778,786,764,815,821
52701,11.23,5.43,0.24,774,780,772,821,824
52721,14.47,3.72,0.12,779,789,765,814,823
52741,13.37,1.83,-0.92,776,790,768,823,821
52761,13.79,1.71,1.89,777,785,766,816,823
52781,5.25,2.69,4.52,774,785,770,816,819
52801,0.00,1.22,4.76,779,780,767,812,817
52821,-0.31,1.16,3.36,773,783,767,813,816
52841,2.69,2.01,2.69,783,780,778,821,819
52861,6.23,3.11,2.26,777,785,772,814,816
52881,5.68,1.71,1.28,774,784,774,817,818
52901,3.72,1.04,1.40,774,785,768,814,820
52921,2.99,1.71,1.95,780,778,766,816,813
52941,5.62,0.24,0.67,772,787,766,820,819
52961,4.58,-0.12,0.55,777,782,764,812,818
52981,3.54,-0.55,0.12,776,790,765,818,816
53001,3.85,-1.04,-0.37,779,796,765,810,818
53021,4.03,-2.26,-1.22,773,780,765,813,815
53041,4.15,-2.87,-2.01,779,783,760,819,817
53061,3.72,-3.11,-1.34,776,784,763,821,819
53081,2.44,-2.81,-0.85,777,782,764,819,821
53101,2.08,-1.16,0.12,778,788,769,817,814
53121,2.81,-0.61,0.67,772,785,758,815,818
53141,3.78,-0.79,0.00,779,786,770,818,820
53161,3.97,-0.73,-0.79,779,788,770,816,817
53181,3.30,-0.37,-0.24,777,791,765,835,821
53201,3.42,0.43,-0.18,777,786,766,816,820
53221,3.05,-0.61,-0.98,779,778,761,816,818
53241,1.53,-1.83,-1.46,773,788,763,818,818
53261,0.06,-1.77,-0.73,777,785,768,819,814
